{"lambda":8073104336,"q":0.00001,"alphaL":0.2,"bL":0.5,"sigL":0.2,"t":1,"numU":256,"xMin":-11533006194,"xMax":0,"alpha":[0.3,0.3,0.3,0.3,0.3,0.3,0.3,0.3,0.3,0.3,0.3,0.3,0.3,0.3,0.3,0.3,0.3,0.3,0.3,0.3],"sigma":[0.3,0.3,0.3,0.3,0.3,0.3,0.3,0.3,0.3,0.3,0.3,0.3,0.3,0.3,0.3,0.3,0.3,0.3,0.3,0.3],"rho":[1,0.5203896,-0.09549675,0.3017799,0.1984586,0.1527921,-0.1872686,0.1715502,-0.3132784,-0.430289,-0.2428435,0.1034113,0.261051,0.4762527,0.04808696,0.1535916,-0.146287,0.2038937,0.08266269,0.02953445,0.5203896,1,-0.3051552,-0.08439971,0.5461696,-0.4014692,0.1658025,-0.3114634,-0.4409283,-0.7261728,-0.6770844,-0.03039528,0.2588749,0.8820158,0.1070385,-0.1937262,0.2079982,-0.1667737,0.1532998,-0.3084751,-0.09549675,-0.3051552,1,0.7149713,-0.3694491,0.2499608,0.3210401,0.78077,-0.1383128,-0.1997792,0.7144079,0.7850665,0.6712751,-0.2432274,0.6555164,0.7926006,-0.801772,-0.2375258,0.6763052,0.7127871,0.3017799,-0.08439971,0.7149713,1,-0.3567218,0.3435272,0.1970977,0.831051,-0.04432905,-0.2750149,0.6785913,0.800116,0.795902,-0.09299867,0.7129731,0.8898624,-0.9383751,0.1056863,0.7055351,0.8638052,0.1984586,0.5461696,-0.3694491,-0.3567218,1,-0.4134203,0.04448806,-0.3896993,-0.3884252,-0.2982231,-0.6754247,-0.1702427,-0.04060845,0.6610182,-0.3587137,-0.377108,0.4820724,-0.1491928,-0.2217918,-0.4377846,0.1527921,-0.4014692,0.2499608,0.3435272,-0.4134203,1,-0.4002853,0.3794726,0.09681579,0.2409751,0.4926457,-0.03475826,-0.07989571,-0.391224,0.04816626,0.2946242,-0.3195013,0.2661258,-0.04036157,0.2862306,-0.1872686,0.1658025,0.3210401,0.1970977,0.04448806,-0.4002853,1,0.1323874,-0.01568424,-0.3781645,0.1308071,0.4438077,0.5298007,0.1584464,0.4518902,0.3293231,-0.2329765,-0.4649681,0.5159057,0.2295385,0.1715502,-0.3114634,0.78077,0.831051,-0.3896993,0.3794726,0.1323874,1,-0.1645723,-0.1607881,0.6773092,0.7738711,0.6283842,-0.1822411,0.5059744,0.9050612,-0.8723165,-0.03832163,0.5448727,0.7843296,-0.3132784,-0.4409283,-0.1383128,-0.04432905,-0.3884252,0.09681579,-0.01568424,-0.1645723,1,0.550003,0.3932267,-0.1926189,-0.2343683,-0.6577547,-0.08266466,-0.1157347,0.03566458,0.5471733,-0.1036485,0.1565147,-0.430289,-0.7261728,-0.1997792,-0.2750149,-0.2982231,0.2409751,-0.3781645,-0.1607881,0.550003,1,0.254468,-0.41125,-0.6186321,-0.7389526,-0.4792176,-0.2566304,0.2040731,0.3551234,-0.5100757,-0.04917814,-0.2428435,-0.6770844,0.7144079,0.6785913,-0.6754247,0.4926457,0.1308071,0.6773092,0.3932267,0.254468,1,0.5541341,0.3868312,-0.7243388,0.5367135,0.7070092,-0.7511172,0.1488298,0.4573687,0.8059458,0.1034113,-0.03039528,0.7850665,0.800116,-0.1702427,-0.03475826,0.4438077,0.7738711,-0.1926189,-0.41125,0.5541341,1,0.8942192,0.03281088,0.7586332,0.8091323,-0.8285791,-0.2121068,0.8424198,0.8226081,0.261051,0.2588749,0.6712751,0.795902,-0.04060845,-0.07989571,0.5298007,0.6283842,-0.2343683,-0.6186321,0.3868312,0.8942192,1,0.274822,0.8289538,0.7545492,-0.748616,-0.2185982,0.9118582,0.7220363,0.4762527,0.8820158,-0.2432274,-0.09299867,0.6610182,-0.391224,0.1584464,-0.1822411,-0.6577547,-0.7389526,-0.7243388,0.03281088,0.274822,1,0.01367156,-0.1369036,0.2266381,-0.2929203,0.1328834,-0.3176949,0.04808696,0.1070385,0.6555164,0.7129731,-0.3587137,0.04816626,0.4518902,0.5059744,-0.08266466,-0.4792176,0.5367135,0.7586332,0.8289538,0.01367156,1,0.6731514,-0.7328836,-0.2706409,0.8627537,0.6878365,0.1535916,-0.1937262,0.7926006,0.8898624,-0.377108,0.2946242,0.3293231,0.9050612,-0.1157347,-0.2566304,0.7070092,0.8091323,0.7545492,-0.1369036,0.6731514,1,-0.9135781,-0.1038543,0.6404953,0.826596,-0.146287,0.2079982,-0.801772,-0.9383751,0.4820724,-0.3195013,-0.2329765,-0.8723165,0.03566458,0.2040731,-0.7511172,-0.8285791,-0.748616,0.2266381,-0.7328836,-0.9135781,1,-0.0004602109,-0.7007147,-0.8725764,0.2038937,-0.1667737,-0.2375258,0.1056863,-0.1491928,0.2661258,-0.4649681,-0.03832163,0.5471733,0.3551234,0.1488298,-0.2121068,-0.2185982,-0.2929203,-0.2706409,-0.1038543,-0.0004602109,1,-0.1471194,0.167498,0.08266269,0.1532998,0.6763052,0.7055351,-0.2217918,-0.04036157,0.5159057,0.5448727,-0.1036485,-0.5100757,0.4573687,0.8424198,0.9118582,0.1328834,0.8627537,0.6404953,-0.7007147,-0.1471194,1,0.7353718,0.02953445,-0.3084751,0.7127871,0.8638052,-0.4377846,0.2862306,0.2295385,0.7843296,0.1565147,-0.04917814,0.8059458,0.8226081,0.7220363,-0.3176949,0.6878365,0.826596,-0.8725764,0.167498,0.7353718,1],"y0":[0.9,1.1,1.05,0.95,0.9,1.1,1.05,0.95,0.9,1.1,1.05,0.95,0.9,1.1,1.05,0.95,0.9,1.1,1.05,0.95]}